region,hour,fuel,value
DE,1,Power,0.00592
DE,2,Power,0.00748
DE,3,Power,0.01019
DE,4,Power,0.00984
DE,5,Power,0.01023
DE,6,Power,0.00943
DE,7,Power,0.01087
DE,8,Power,0.01064
DE,9,Power,0.01138
DE,10,Power,0.01104
DE,11,Power,0.01001
DE,12,Power,0.01037
DE,13,Power,0.00952
DE,14,Power,0.01003
DE,15,Power,0.0091
DE,16,Power,0.00897
DE,17,Power,0.00831
DE,18,Power,0.0073
DE,19,Power,0.007
DE,20,Power,0.00596
DE,21,Power,0.00616
DE,22,Power,0.00586
DE,23,Power,0.00727
DE,24,Power,0.00849
DE,25,Power,0.00987
DE,26,Power,0.01053
DE,27,Power,0.00948
DE,28,Power,0.00978
DE,29,Power,0.00862
DE,30,Power,0.0097
DE,31,Power,0.00965
DE,32,Power,0.01049
DE,33,Power,0.01037
DE,34,Power,0.00895
DE,35,Power,0.00888
DE,36,Power,0.00789
DE,37,Power,0.00866
DE,38,Power,0.00788
DE,39,Power,0.00782
DE,40,Power,0.00689
DE,41,Power,0.00604
DE,42,Power,0.00551
DE,43,Power,0.00498
DE,44,Power,0.00521
DE,45,Power,0.00519
DE,46,Power,0.0061
DE,47,Power,0.00727
DE,48,Power,0.009
DE,49,Power,0.0091
DE,50,Power,0.00775
DE,51,Power,0.00786
DE,52,Power,0.00806
DE,53,Power,0.00978
DE,54,Power,0.00948
DE,55,Power,0.01035
DE,56,Power,0.01039
DE,57,Power,0.00903
DE,58,Power,0.00846
DE,59,Power,0.00708
DE,60,Power,0.00798
DE,61,Power,0.00752
DE,62,Power,0.00799
DE,63,Power,0.00729
DE,64,Power,0.00642
DE,65,Power,0.00575
DE,66,Power,0.00507
DE,67,Power,0.0052
DE,68,Power,0.00507
DE,69,Power,0.00556
DE,70,Power,0.00633
DE,71,Power,0.00747
DE,72,Power,0.00879
DE,73,Power,0.00809
DE,74,Power,0.00864
DE,75,Power,0.00812
DE,76,Power,0.00972
DE,77,Power,0.00969
DE,78,Power,0.01053
DE,79,Power,0.01034
DE,80,Power,0.00901
DE,81,Power,0.00879
DE,82,Power,0.00791
DE,83,Power,0.00914
DE,84,Power,0.00897
DE,85,Power,0.00958
DE,86,Power,0.00894
DE,87,Power,0.00776
DE,88,Power,0.00681
DE,89,Power,0.00572
DE,90,Power,0.00572
DE,91,Power,0.0054
DE,92,Power,0.0058
DE,93,Power,0.00616
DE,94,Power,0.00729
DE,95,Power,0.0089
DE,96,Power,0.00847
DE,97,Power,0.00939
DE,98,Power,0.0087
DE,99,Power,0.01074
DE,100,Power,0.00993
DE,101,Power,0.01106
DE,102,Power,0.01111
DE,103,Power,0.01055
DE,104,Power,0.01021
DE,105,Power,0.0091
DE,106,Power,0.01071
DE,107,Power,0.01083
DE,108,Power,0.01191
DE,109,Power,0.01156
DE,110,Power,0.01033
DE,111,Power,0.00968
DE,112,Power,0.00826
DE,113,Power,0.00806
DE,114,Power,0.00719
DE,115,Power,0.00723
DE,116,Power,0.00686
DE,117,Power,0.00625
DE,118,Power,0.0054
DE,119,Power,0.00486
DE,120,Power,0.00466
DE,1,Mobility,0.01015
DE,2,Mobility,0.00934
DE,3,Mobility,0.00894
DE,4,Mobility,0.00855
DE,5,Mobility,0.00974
DE,6,Mobility,0.01096
DE,7,Mobility,0.0143
DE,8,Mobility,0.01819
DE,9,Mobility,0.02041
DE,10,Mobility,0.01907
DE,11,Mobility,0.01387
DE,12,Mobility,0.00934
DE,13,Mobility,0.00586
DE,14,Mobility,0.00371
DE,15,Mobility,0.00239
DE,16,Mobility,0.00123
DE,17,Mobility,0.00102
DE,18,Mobility,0.00102
DE,19,Mobility,0.00123
DE,20,Mobility,0.00178
DE,21,Mobility,0.00239
DE,22,Mobility,0.00441
DE,23,Mobility,0.00894
DE,24,Mobility,0.01137
DE,25,Mobility,0.0122
DE,26,Mobility,0.00934
DE,27,Mobility,0.00894
DE,28,Mobility,0.00855
DE,29,Mobility,0.00974
DE,30,Mobility,0.01096
DE,31,Mobility,0.0143
DE,32,Mobility,0.01819
DE,33,Mobility,0.02041
DE,34,Mobility,0.01907
DE,35,Mobility,0.01387
DE,36,Mobility,0.00934
DE,37,Mobility,0.00586
DE,38,Mobility,0.00371
DE,39,Mobility,0.00239
DE,40,Mobility,0.00123
DE,41,Mobility,0.00102
DE,42,Mobility,0.00102
DE,43,Mobility,0.00123
DE,44,Mobility,0.00178
DE,45,Mobility,0.00239
DE,46,Mobility,0.00441
DE,47,Mobility,0.00894
DE,48,Mobility,0.01137
DE,49,Mobility,0.0122
DE,50,Mobility,0.00934
DE,51,Mobility,0.00894
DE,52,Mobility,0.00855
DE,53,Mobility,0.00974
DE,54,Mobility,0.01096
DE,55,Mobility,0.0143
DE,56,Mobility,0.01819
DE,57,Mobility,0.02041
DE,58,Mobility,0.01907
DE,59,Mobility,0.01387
DE,60,Mobility,0.00934
DE,61,Mobility,0.00586
DE,62,Mobility,0.00371
DE,63,Mobility,0.00239
DE,64,Mobility,0.00123
DE,65,Mobility,0.00102
DE,66,Mobility,0.00102
DE,67,Mobility,0.00123
DE,68,Mobility,0.00178
DE,69,Mobility,0.00239
DE,70,Mobility,0.00441
DE,71,Mobility,0.00894
DE,72,Mobility,0.01137
DE,73,Mobility,0.0122
DE,74,Mobility,0.00934
DE,75,Mobility,0.00894
DE,76,Mobility,0.00855
DE,77,Mobility,0.00974
DE,78,Mobility,0.01096
DE,79,Mobility,0.0143
DE,80,Mobility,0.01819
DE,81,Mobility,0.02041
DE,82,Mobility,0.01907
DE,83,Mobility,0.01387
DE,84,Mobility,0.00934
DE,85,Mobility,0.00586
DE,86,Mobility,0.00371
DE,87,Mobility,0.00239
DE,88,Mobility,0.00123
DE,89,Mobility,0.00102
DE,90,Mobility,0.00102
DE,91,Mobility,0.00123
DE,92,Mobility,0.00178
DE,93,Mobility,0.00239
DE,94,Mobility,0.00441
DE,95,Mobility,0.00894
DE,96,Mobility,0.01137
DE,97,Mobility,0.0122
DE,98,Mobility,0.00934
DE,99,Mobility,0.00894
DE,100,Mobility,0.00855
DE,101,Mobility,0.00974
DE,102,Mobility,0.01096
DE,103,Mobility,0.0143
DE,104,Mobility,0.01819
DE,105,Mobility,0.02041
DE,106,Mobility,0.01907
DE,107,Mobility,0.01387
DE,108,Mobility,0.00934
DE,109,Mobility,0.00586
DE,110,Mobility,0.00371
DE,111,Mobility,0.00239
DE,112,Mobility,0.00123
DE,113,Mobility,0.00102
DE,114,Mobility,0.00102
DE,115,Mobility,0.00123
DE,116,Mobility,0.00178
DE,117,Mobility,0.00239
DE,118,Mobility,0.00441
DE,119,Mobility,0.00894
DE,120,Mobility,0.01199
DE,1,Heat,0.02432
DE,2,Heat,0.03153
DE,3,Heat,0.02903
DE,4,Heat,0.0274
DE,5,Heat,0.02023
DE,6,Heat,0.02201
DE,7,Heat,0.02588
DE,8,Heat,0.02642
DE,9,Heat,0.02618
DE,10,Heat,0.02073
DE,11,Heat,0.01604
DE,12,Heat,0.01061
DE,13,Heat,0.00899
DE,14,Heat,0.01065
DE,15,Heat,0.01061
DE,16,Heat,0.01235
DE,17,Heat,0.0095
DE,18,Heat,0.01173
DE,19,Heat,0.01377
DE,20,Heat,0.01669
DE,21,Heat,0.01554
DE,22,Heat,0.01467
DE,23,Heat,0.01391
DE,24,Heat,0.01363
DE,25,Heat,0.01316
DE,26,Heat,0.01262
DE,27,Heat,0.01142
DE,28,Heat,0.00958
DE,29,Heat,0.00676
DE,30,Heat,0.00519
DE,31,Heat,0.00289
DE,32,Heat,0.00275
DE,33,Heat,0.00226
DE,34,Heat,0.00384
DE,35,Heat,0.00367
DE,36,Heat,0.00528
DE,37,Heat,0.00519
DE,38,Heat,0.00804
DE,39,Heat,0.01049
DE,40,Heat,0.0102
DE,41,Heat,0.00911
DE,42,Heat,0.00492
DE,43,Heat,0.00394
DE,44,Heat,0.00273
DE,45,Heat,0.00458
DE,46,Heat,0.00543
DE,47,Heat,0.00501
DE,48,Heat,0.00387
DE,49,Heat,0.00256
DE,50,Heat,0.0026
DE,51,Heat,0.0018
DE,52,Heat,0.0018
DE,53,Heat,0.00167
DE,54,Heat,0.00167
DE,55,Heat,0.00167
DE,56,Heat,0.00167
DE,57,Heat,0.00167
DE,58,Heat,0.00167
DE,59,Heat,0.00167
DE,60,Heat,0.00167
DE,61,Heat,0.00175
DE,62,Heat,0.00194
DE,63,Heat,0.00194
DE,64,Heat,0.002
DE,65,Heat,0.00203
DE,66,Heat,0.0021
DE,67,Heat,0.00183
DE,68,Heat,0.00168
DE,69,Heat,0.00167
DE,70,Heat,0.00168
DE,71,Heat,0.00168
DE,72,Heat,0.00199
DE,73,Heat,0.00242
DE,74,Heat,0.00242
DE,75,Heat,0.00191
DE,76,Heat,0.00167
DE,77,Heat,0.00167
DE,78,Heat,0.00167
DE,79,Heat,0.00167
DE,80,Heat,0.00167
DE,81,Heat,0.00167
DE,82,Heat,0.00167
DE,83,Heat,0.00167
DE,84,Heat,0.00167
DE,85,Heat,0.00167
DE,86,Heat,0.00168
DE,87,Heat,0.00273
DE,88,Heat,0.00444
DE,89,Heat,0.00612
DE,90,Heat,0.00531
DE,91,Heat,0.00475
DE,92,Heat,0.00498
DE,93,Heat,0.00749
DE,94,Heat,0.00967
DE,95,Heat,0.00931
DE,96,Heat,0.00655
DE,97,Heat,0.00596
DE,98,Heat,0.00632
DE,99,Heat,0.00845
DE,100,Heat,0.00857
DE,101,Heat,0.00971
DE,102,Heat,0.01011
DE,103,Heat,0.01142
DE,104,Heat,0.01363
DE,105,Heat,0.00987
DE,106,Heat,0.00819
DE,107,Heat,0.00501
DE,108,Heat,0.00659
DE,109,Heat,0.00819
DE,110,Heat,0.01235
DE,111,Heat,0.01777
DE,112,Heat,0.02028
DE,113,Heat,0.01909
DE,114,Heat,0.0155
DE,115,Heat,0.01429
DE,116,Heat,0.01525
DE,117,Heat,0.01798
DE,118,Heat,0.0155
DE,119,Heat,0.01363
DE,120,Heat,0.01017
DK,1,Power,0.00933
DK,2,Power,0.0101
DK,3,Power,0.01216
DK,4,Power,0.01123
DK,5,Power,0.01212
DK,6,Power,0.01158
DK,7,Power,0.01327
DK,8,Power,0.01272
DK,9,Power,0.01336
DK,10,Power,0.01363
DK,11,Power,0.01383
DK,12,Power,0.01399
DK,13,Power,0.01246
DK,14,Power,0.01177
DK,15,Power,0.00978
DK,16,Power,0.00881
DK,17,Power,0.00741
DK,18,Power,0.00683
DK,19,Power,0.00615
DK,20,Power,0.00572
DK,21,Power,0.00561
DK,22,Power,0.00593
DK,23,Power,0.00732
DK,24,Power,0.00937
DK,25,Power,0.01164
DK,26,Power,0.01245
DK,27,Power,0.01116
DK,28,Power,0.0105
DK,29,Power,0.00899
DK,30,Power,0.00947
DK,31,Power,0.00836
DK,32,Power,0.00862
DK,33,Power,0.00922
DK,34,Power,0.0095
DK,35,Power,0.00947
DK,36,Power,0.00807
DK,37,Power,0.00813
DK,38,Power,0.00731
DK,39,Power,0.00697
DK,40,Power,0.00568
DK,41,Power,0.00484
DK,42,Power,0.00387
DK,43,Power,0.00249
DK,44,Power,0.00291
DK,45,Power,0.00317
DK,46,Power,0.00483
DK,47,Power,0.00519
DK,48,Power,0.00597
DK,49,Power,0.00681
DK,50,Power,0.00694
DK,51,Power,0.00725
DK,52,Power,0.00688
DK,53,Power,0.00787
DK,54,Power,0.00837
DK,55,Power,0.00871
DK,56,Power,0.00829
DK,57,Power,0.00776
DK,58,Power,0.00744
DK,59,Power,0.00643
DK,60,Power,0.00681
DK,61,Power,0.00675
DK,62,Power,0.00753
DK,63,Power,0.0071
DK,64,Power,0.00648
DK,65,Power,0.00566
DK,66,Power,0.00486
DK,67,Power,0.00473
DK,68,Power,0.00452
DK,69,Power,0.00476
DK,70,Power,0.00524
DK,71,Power,0.00661
DK,72,Power,0.0085
DK,73,Power,0.00857
DK,74,Power,0.00935
DK,75,Power,0.00825
DK,76,Power,0.0096
DK,77,Power,0.0091
DK,78,Power,0.00991
DK,79,Power,0.00972
DK,80,Power,0.009
DK,81,Power,0.00888
DK,82,Power,0.00799
DK,83,Power,0.00868
DK,84,Power,0.00815
DK,85,Power,0.00852
DK,86,Power,0.00713
DK,87,Power,0.00663
DK,88,Power,0.00567
DK,89,Power,0.00537
DK,90,Power,0.005
DK,91,Power,0.00489
DK,92,Power,0.0053
DK,93,Power,0.00567
DK,94,Power,0.00665
DK,95,Power,0.00833
DK,96,Power,0.00867
DK,97,Power,0.01003
DK,98,Power,0.00944
DK,99,Power,0.0109
DK,100,Power,0.01081
DK,101,Power,0.0118
DK,102,Power,0.01184
DK,103,Power,0.01093
DK,104,Power,0.01084
DK,105,Power,0.01039
DK,106,Power,0.01214
DK,107,Power,0.01266
DK,108,Power,0.01351
DK,109,Power,0.01258
DK,110,Power,0.01121
DK,111,Power,0.00999
DK,112,Power,0.00881
DK,113,Power,0.00807
DK,114,Power,0.00695
DK,115,Power,0.00632
DK,116,Power,0.00618
DK,117,Power,0.0062
DK,118,Power,0.00602
DK,119,Power,0.00594
DK,120,Power,0.00582
DK,1,Mobility,0.01015
DK,2,Mobility,0.00934
DK,3,Mobility,0.00894
DK,4,Mobility,0.00855
DK,5,Mobility,0.00974
DK,6,Mobility,0.01096
DK,7,Mobility,0.0143
DK,8,Mobility,0.01819
DK,9,Mobility,0.02041
DK,10,Mobility,0.01907
DK,11,Mobility,0.01387
DK,12,Mobility,0.00934
DK,13,Mobility,0.00586
DK,14,Mobility,0.00371
DK,15,Mobility,0.00239
DK,16,Mobility,0.00123
DK,17,Mobility,0.00102
DK,18,Mobility,0.00102
DK,19,Mobility,0.00123
DK,20,Mobility,0.00178
DK,21,Mobility,0.00239
DK,22,Mobility,0.00441
DK,23,Mobility,0.00894
DK,24,Mobility,0.01137
DK,25,Mobility,0.0122
DK,26,Mobility,0.00934
DK,27,Mobility,0.00894
DK,28,Mobility,0.00855
DK,29,Mobility,0.00974
DK,30,Mobility,0.01096
DK,31,Mobility,0.0143
DK,32,Mobility,0.01819
DK,33,Mobility,0.02041
DK,34,Mobility,0.01907
DK,35,Mobility,0.01387
DK,36,Mobility,0.00934
DK,37,Mobility,0.00586
DK,38,Mobility,0.00371
DK,39,Mobility,0.00239
DK,40,Mobility,0.00123
DK,41,Mobility,0.00102
DK,42,Mobility,0.00102
DK,43,Mobility,0.00123
DK,44,Mobility,0.00178
DK,45,Mobility,0.00239
DK,46,Mobility,0.00441
DK,47,Mobility,0.00894
DK,48,Mobility,0.01137
DK,49,Mobility,0.0122
DK,50,Mobility,0.00934
DK,51,Mobility,0.00894
DK,52,Mobility,0.00855
DK,53,Mobility,0.00974
DK,54,Mobility,0.01096
DK,55,Mobility,0.0143
DK,56,Mobility,0.01819
DK,57,Mobility,0.02041
DK,58,Mobility,0.01907
DK,59,Mobility,0.01387
DK,60,Mobility,0.00934
DK,61,Mobility,0.00586
DK,62,Mobility,0.00371
DK,63,Mobility,0.00239
DK,64,Mobility,0.00123
DK,65,Mobility,0.00102
DK,66,Mobility,0.00102
DK,67,Mobility,0.00123
DK,68,Mobility,0.00178
DK,69,Mobility,0.00239
DK,70,Mobility,0.00441
DK,71,Mobility,0.00894
DK,72,Mobility,0.01137
DK,73,Mobility,0.0122
DK,74,Mobility,0.00934
DK,75,Mobility,0.00894
DK,76,Mobility,0.00855
DK,77,Mobility,0.00974
DK,78,Mobility,0.01096
DK,79,Mobility,0.0143
DK,80,Mobility,0.01819
DK,81,Mobility,0.02041
DK,82,Mobility,0.01907
DK,83,Mobility,0.01387
DK,84,Mobility,0.00934
DK,85,Mobility,0.00586
DK,86,Mobility,0.00371
DK,87,Mobility,0.00239
DK,88,Mobility,0.00123
DK,89,Mobility,0.00102
DK,90,Mobility,0.00102
DK,91,Mobility,0.00123
DK,92,Mobility,0.00178
DK,93,Mobility,0.00239
DK,94,Mobility,0.00441
DK,95,Mobility,0.00894
DK,96,Mobility,0.01137
DK,97,Mobility,0.0122
DK,98,Mobility,0.00934
DK,99,Mobility,0.00894
DK,100,Mobility,0.00855
DK,101,Mobility,0.00974
DK,102,Mobility,0.01096
DK,103,Mobility,0.0143
DK,104,Mobility,0.01819
DK,105,Mobility,0.02041
DK,106,Mobility,0.01907
DK,107,Mobility,0.01387
DK,108,Mobility,0.00934
DK,109,Mobility,0.00586
DK,110,Mobility,0.00371
DK,111,Mobility,0.00239
DK,112,Mobility,0.00123
DK,113,Mobility,0.00102
DK,114,Mobility,0.00102
DK,115,Mobility,0.00123
DK,116,Mobility,0.00178
DK,117,Mobility,0.00239
DK,118,Mobility,0.00441
DK,119,Mobility,0.00894
DK,120,Mobility,0.01199
DK,1,Heat,0.01628
DK,2,Heat,0.01642
DK,3,Heat,0.01654
DK,4,Heat,0.01554
DK,5,Heat,0.0145
DK,6,Heat,0.01374
DK,7,Heat,0.01341
DK,8,Heat,0.0134
DK,9,Heat,0.01374
DK,10,Heat,0.01336
DK,11,Heat,0.01316
DK,12,Heat,0.0129
DK,13,Heat,0.0134
DK,14,Heat,0.01382
DK,15,Heat,0.01415
DK,16,Heat,0.01441
DK,17,Heat,0.01415
DK,18,Heat,0.01426
DK,19,Heat,0.01438
DK,20,Heat,0.01491
DK,21,Heat,0.015
DK,22,Heat,0.01503
DK,23,Heat,0.01508
DK,24,Heat,0.01512
DK,25,Heat,0.0159
DK,26,Heat,0.01642
DK,27,Heat,0.01654
DK,28,Heat,0.01554
DK,29,Heat,0.0145
DK,30,Heat,0.01066
DK,31,Heat,0.00723
DK,32,Heat,0.00415
DK,33,Heat,0.00407
DK,34,Heat,0.00415
DK,35,Heat,0.00441
DK,36,Heat,0.00477
DK,37,Heat,0.00527
DK,38,Heat,0.00524
DK,39,Heat,0.00523
DK,40,Heat,0.00525
DK,41,Heat,0.0058
DK,42,Heat,0.00622
DK,43,Heat,0.00649
DK,44,Heat,0.00674
DK,45,Heat,0.00699
DK,46,Heat,0.00802
DK,47,Heat,0.00881
DK,48,Heat,0.00924
DK,49,Heat,0.00845
DK,50,Heat,0.0075
DK,51,Heat,0.00653
DK,52,Heat,0.00573
DK,53,Heat,0.00512
DK,54,Heat,0.00471
DK,55,Heat,0.00441
DK,56,Heat,0.00415
DK,57,Heat,0.00407
DK,58,Heat,0.00415
DK,59,Heat,0.00441
DK,60,Heat,0.00361
DK,61,Heat,0.0029
DK,62,Heat,0.00199
DK,63,Heat,0.00207
DK,64,Heat,0.00218
DK,65,Heat,0.00252
DK,66,Heat,0.00281
DK,67,Heat,0.00297
DK,68,Heat,0.0031
DK,69,Heat,0.00321
DK,70,Heat,0.00328
DK,71,Heat,0.00387
DK,72,Heat,0.00425
DK,73,Heat,0.00433
DK,74,Heat,0.00357
DK,75,Heat,0.00281
DK,76,Heat,0.00228
DK,77,Heat,0.00197
DK,78,Heat,0.00182
DK,79,Heat,0.00176
DK,80,Heat,0.00172
DK,81,Heat,0.00172
DK,82,Heat,0.00173
DK,83,Heat,0.00176
DK,84,Heat,0.00182
DK,85,Heat,0.00199
DK,86,Heat,0.00199
DK,87,Heat,0.00207
DK,88,Heat,0.00218
DK,89,Heat,0.00252
DK,90,Heat,0.00522
DK,91,Heat,0.008
DK,92,Heat,0.01083
DK,93,Heat,0.01093
DK,94,Heat,0.01107
DK,95,Heat,0.01124
DK,96,Heat,0.01124
DK,97,Heat,0.01192
DK,98,Heat,0.01226
DK,99,Heat,0.01221
DK,100,Heat,0.01149
DK,101,Heat,0.01082
DK,102,Heat,0.01047
DK,103,Heat,0.01006
DK,104,Heat,0.01
DK,105,Heat,0.00937
DK,106,Heat,0.00888
DK,107,Heat,0.00842
DK,108,Heat,0.00886
DK,109,Heat,0.00924
DK,110,Heat,0.00962
DK,111,Heat,0.00994
DK,112,Heat,0.01026
DK,113,Heat,0.01048
DK,114,Heat,0.01064
DK,115,Heat,0.01076
DK,116,Heat,0.01083
DK,117,Heat,0.01093
DK,118,Heat,0.01107
DK,119,Heat,0.01124
DK,120,Heat,0.01134
FR,1,Power,0.00885
FR,2,Power,0.00987
FR,3,Power,0.01191
FR,4,Power,0.01191
FR,5,Power,0.01272
FR,6,Power,0.01292
FR,7,Power,0.01374
FR,8,Power,0.01346
FR,9,Power,0.01289
FR,10,Power,0.0121
FR,11,Power,0.01154
FR,12,Power,0.01223
FR,13,Power,0.01252
FR,14,Power,0.01261
FR,15,Power,0.01193
FR,16,Power,0.0118
FR,17,Power,0.0118
FR,18,Power,0.01194
FR,19,Power,0.01191
FR,20,Power,0.01112
FR,21,Power,0.00972
FR,22,Power,0.00825
FR,23,Power,0.00879
FR,24,Power,0.01084
FR,25,Power,0.01265
FR,26,Power,0.01288
FR,27,Power,0.01111
FR,28,Power,0.01092
FR,29,Power,0.0105
FR,30,Power,0.0111
FR,31,Power,0.01074
FR,32,Power,0.01037
FR,33,Power,0.00983
FR,34,Power,0.00796
FR,35,Power,0.00705
FR,36,Power,0.00637
FR,37,Power,0.00708
FR,38,Power,0.00737
FR,39,Power,0.00789
FR,40,Power,0.00768
FR,41,Power,0.00683
FR,42,Power,0.0055
FR,43,Power,0.00473
FR,44,Power,0.0047
FR,45,Power,0.00492
FR,46,Power,0.00591
FR,47,Power,0.00717
FR,48,Power,0.0083
FR,49,Power,0.00891
FR,50,Power,0.00777
FR,51,Power,0.00763
FR,52,Power,0.00677
FR,53,Power,0.00747
FR,54,Power,0.00721
FR,55,Power,0.00751
FR,56,Power,0.00734
FR,57,Power,0.00643
FR,58,Power,0.0063
FR,59,Power,0.00568
FR,60,Power,0.00625
FR,61,Power,0.00588
FR,62,Power,0.00655
FR,63,Power,0.00673
FR,64,Power,0.00639
FR,65,Power,0.00578
FR,66,Power,0.00493
FR,67,Power,0.00485
FR,68,Power,0.0044
FR,69,Power,0.00448
FR,70,Power,0.0046
FR,71,Power,0.00491
FR,72,Power,0.00527
FR,73,Power,0.00495
FR,74,Power,0.00532
FR,75,Power,0.00527
FR,76,Power,0.00623
FR,77,Power,0.00649
FR,78,Power,0.00696
FR,79,Power,0.00699
FR,80,Power,0.0061
FR,81,Power,0.00624
FR,82,Power,0.00574
FR,83,Power,0.00658
FR,84,Power,0.00643
FR,85,Power,0.00675
FR,86,Power,0.00682
FR,87,Power,0.00642
FR,88,Power,0.00608
FR,89,Power,0.00525
FR,90,Power,0.00493
FR,91,Power,0.00446
FR,92,Power,0.00447
FR,93,Power,0.00487
FR,94,Power,0.00607
FR,95,Power,0.00754
FR,96,Power,0.00716
FR,97,Power,0.00735
FR,98,Power,0.0065
FR,99,Power,0.00773
FR,100,Power,0.00753
FR,101,Power,0.00867
FR,102,Power,0.00875
FR,103,Power,0.00845
FR,104,Power,0.00838
FR,105,Power,0.00849
FR,106,Power,0.01049
FR,107,Power,0.01197
FR,108,Power,0.01321
FR,109,Power,0.01315
FR,110,Power,0.0119
FR,111,Power,0.01162
FR,112,Power,0.01116
FR,113,Power,0.0115
FR,114,Power,0.011
FR,115,Power,0.01042
FR,116,Power,0.00946
FR,117,Power,0.0084
FR,118,Power,0.00773
FR,119,Power,0.00748
FR,120,Power,0.00756
FR,1,Mobility,0.01015
FR,2,Mobility,0.00934
FR,3,Mobility,0.00894
FR,4,Mobility,0.00855
FR,5,Mobility,0.00974
FR,6,Mobility,0.01096
FR,7,Mobility,0.0143
FR,8,Mobility,0.01819
FR,9,Mobility,0.02041
FR,10,Mobility,0.01907
FR,11,Mobility,0.01387
FR,12,Mobility,0.00934
FR,13,Mobility,0.00586
FR,14,Mobility,0.00371
FR,15,Mobility,0.00239
FR,16,Mobility,0.00123
FR,17,Mobility,0.00102
FR,18,Mobility,0.00102
FR,19,Mobility,0.00123
FR,20,Mobility,0.00178
FR,21,Mobility,0.00239
FR,22,Mobility,0.00441
FR,23,Mobility,0.00894
FR,24,Mobility,0.01137
FR,25,Mobility,0.0122
FR,26,Mobility,0.00934
FR,27,Mobility,0.00894
FR,28,Mobility,0.00855
FR,29,Mobility,0.00974
FR,30,Mobility,0.01096
FR,31,Mobility,0.0143
FR,32,Mobility,0.01819
FR,33,Mobility,0.02041
FR,34,Mobility,0.01907
FR,35,Mobility,0.01387
FR,36,Mobility,0.00934
FR,37,Mobility,0.00586
FR,38,Mobility,0.00371
FR,39,Mobility,0.00239
FR,40,Mobility,0.00123
FR,41,Mobility,0.00102
FR,42,Mobility,0.00102
FR,43,Mobility,0.00123
FR,44,Mobility,0.00178
FR,45,Mobility,0.00239
FR,46,Mobility,0.00441
FR,47,Mobility,0.00894
FR,48,Mobility,0.01137
FR,49,Mobility,0.0122
FR,50,Mobility,0.00934
FR,51,Mobility,0.00894
FR,52,Mobility,0.00855
FR,53,Mobility,0.00974
FR,54,Mobility,0.01096
FR,55,Mobility,0.0143
FR,56,Mobility,0.01819
FR,57,Mobility,0.02041
FR,58,Mobility,0.01907
FR,59,Mobility,0.01387
FR,60,Mobility,0.00934
FR,61,Mobility,0.00586
FR,62,Mobility,0.00371
FR,63,Mobility,0.00239
FR,64,Mobility,0.00123
FR,65,Mobility,0.00102
FR,66,Mobility,0.00102
FR,67,Mobility,0.00123
FR,68,Mobility,0.00178
FR,69,Mobility,0.00239
FR,70,Mobility,0.00441
FR,71,Mobility,0.00894
FR,72,Mobility,0.01137
FR,73,Mobility,0.0122
FR,74,Mobility,0.00934
FR,75,Mobility,0.00894
FR,76,Mobility,0.00855
FR,77,Mobility,0.00974
FR,78,Mobility,0.01096
FR,79,Mobility,0.0143
FR,80,Mobility,0.01819
FR,81,Mobility,0.02041
FR,82,Mobility,0.01907
FR,83,Mobility,0.01387
FR,84,Mobility,0.00934
FR,85,Mobility,0.00586
FR,86,Mobility,0.00371
FR,87,Mobility,0.00239
FR,88,Mobility,0.00123
FR,89,Mobility,0.00102
FR,90,Mobility,0.00102
FR,91,Mobility,0.00123
FR,92,Mobility,0.00178
FR,93,Mobility,0.00239
FR,94,Mobility,0.00441
FR,95,Mobility,0.00894
FR,96,Mobility,0.01137
FR,97,Mobility,0.0122
FR,98,Mobility,0.00934
FR,99,Mobility,0.00894
FR,100,Mobility,0.00855
FR,101,Mobility,0.00974
FR,102,Mobility,0.01096
FR,103,Mobility,0.0143
FR,104,Mobility,0.01819
FR,105,Mobility,0.02041
FR,106,Mobility,0.01907
FR,107,Mobility,0.01387
FR,108,Mobility,0.00934
FR,109,Mobility,0.00586
FR,110,Mobility,0.00371
FR,111,Mobility,0.00239
FR,112,Mobility,0.00123
FR,113,Mobility,0.00102
FR,114,Mobility,0.00102
FR,115,Mobility,0.00123
FR,116,Mobility,0.00178
FR,117,Mobility,0.00239
FR,118,Mobility,0.00441
FR,119,Mobility,0.00894
FR,120,Mobility,0.01199
FR,1,Heat,0.01712
FR,2,Heat,0.01742
FR,3,Heat,0.01783
FR,4,Heat,0.01654
FR,5,Heat,0.01495
FR,6,Heat,0.01348
FR,7,Heat,0.01236
FR,8,Heat,0.01178
FR,9,Heat,0.01186
FR,10,Heat,0.01124
FR,11,Heat,0.01093
FR,12,Heat,0.01055
FR,13,Heat,0.01133
FR,14,Heat,0.01195
FR,15,Heat,0.01258
FR,16,Heat,0.01313
FR,17,Heat,0.01368
FR,18,Heat,0.01399
FR,19,Heat,0.01425
FR,20,Heat,0.01448
FR,21,Heat,0.0147
FR,22,Heat,0.01489
FR,23,Heat,0.01505
FR,24,Heat,0.01525
FR,25,Heat,0.01649
FR,26,Heat,0.01742
FR,27,Heat,0.01783
FR,28,Heat,0.01654
FR,29,Heat,0.01495
FR,30,Heat,0.0105
FR,31,Heat,0.00669
FR,32,Heat,0.00361
FR,33,Heat,0.00342
FR,34,Heat,0.00338
FR,35,Heat,0.00348
FR,36,Heat,0.00375
FR,37,Heat,0.00428
FR,38,Heat,0.00435
FR,39,Heat,0.00443
FR,40,Heat,0.00433
FR,41,Heat,0.00477
FR,42,Heat,0.00525
FR,43,Heat,0.00588
FR,44,Heat,0.00645
FR,45,Heat,0.00697
FR,46,Heat,0.0084
FR,47,Heat,0.00976
FR,48,Heat,0.01071
FR,49,Heat,0.01006
FR,50,Heat,0.00903
FR,51,Heat,0.00782
FR,52,Heat,0.00651
FR,53,Heat,0.00523
FR,54,Heat,0.00436
FR,55,Heat,0.00384
FR,56,Heat,0.00361
FR,57,Heat,0.00342
FR,58,Heat,0.00338
FR,59,Heat,0.00348
FR,60,Heat,0.00289
FR,61,Heat,0.00229
FR,62,Heat,0.00169
FR,63,Heat,0.00168
FR,64,Heat,0.00168
FR,65,Heat,0.00171
FR,66,Heat,0.00178
FR,67,Heat,0.00188
FR,68,Heat,0.00202
FR,69,Heat,0.00225
FR,70,Heat,0.00251
FR,71,Heat,0.00341
FR,72,Heat,0.00404
FR,73,Heat,0.00428
FR,74,Heat,0.00344
FR,75,Heat,0.00261
FR,76,Heat,0.00204
FR,77,Heat,0.00178
FR,78,Heat,0.0017
FR,79,Heat,0.00168
FR,80,Heat,0.00167
FR,81,Heat,0.00167
FR,82,Heat,0.00167
FR,83,Heat,0.00167
FR,84,Heat,0.00167
FR,85,Heat,0.00169
FR,86,Heat,0.00169
FR,87,Heat,0.00168
FR,88,Heat,0.00168
FR,89,Heat,0.00171
FR,90,Heat,0.00476
FR,91,Heat,0.00847
FR,92,Heat,0.01244
FR,93,Heat,0.01278
FR,94,Heat,0.01303
FR,95,Heat,0.01328
FR,96,Heat,0.01339
FR,97,Heat,0.01433
FR,98,Heat,0.01484
FR,99,Heat,0.01482
FR,100,Heat,0.01336
FR,101,Heat,0.01192
FR,102,Heat,0.01076
FR,103,Heat,0.00994
FR,104,Heat,0.00945
FR,105,Heat,0.00838
FR,106,Heat,0.00783
FR,107,Heat,0.00752
FR,108,Heat,0.00834
FR,109,Heat,0.00907
FR,110,Heat,0.0098
FR,111,Heat,0.01041
FR,112,Heat,0.01098
FR,113,Heat,0.0114
FR,114,Heat,0.01176
FR,115,Heat,0.0121
FR,116,Heat,0.01244
FR,117,Heat,0.01278
FR,118,Heat,0.01303
FR,119,Heat,0.01328
FR,120,Heat,0.01339
NO,1,Power,0.00997
NO,2,Power,0.01058
NO,3,Power,0.01191
NO,4,Power,0.0123
NO,5,Power,0.01311
NO,6,Power,0.01327
NO,7,Power,0.01437
NO,8,Power,0.01425
NO,9,Power,0.01392
NO,10,Power,0.01257
NO,11,Power,0.01182
NO,12,Power,0.01184
NO,13,Power,0.01194
NO,14,Power,0.01217
NO,15,Power,0.01166
NO,16,Power,0.0109
NO,17,Power,0.01031
NO,18,Power,0.00977
NO,19,Power,0.00953
NO,20,Power,0.00881
NO,21,Power,0.0087
NO,22,Power,0.00886
NO,23,Power,0.00979
NO,24,Power,0.01125
NO,25,Power,0.01216
NO,26,Power,0.01265
NO,27,Power,0.01167
NO,28,Power,0.01105
NO,29,Power,0.00978
NO,30,Power,0.00962
NO,31,Power,0.00919
NO,32,Power,0.00933
NO,33,Power,0.00934
NO,34,Power,0.00925
NO,35,Power,0.00891
NO,36,Power,0.00829
NO,37,Power,0.00805
NO,38,Power,0.00788
NO,39,Power,0.00787
NO,40,Power,0.00768
NO,41,Power,0.00729
NO,42,Power,0.00667
NO,43,Power,0.00624
NO,44,Power,0.00627
NO,45,Power,0.00597
NO,46,Power,0.00597
NO,47,Power,0.00624
NO,48,Power,0.00699
NO,49,Power,0.00727
NO,50,Power,0.00666
NO,51,Power,0.00657
NO,52,Power,0.00632
NO,53,Power,0.00669
NO,54,Power,0.00656
NO,55,Power,0.00672
NO,56,Power,0.0065
NO,57,Power,0.00619
NO,58,Power,0.00612
NO,59,Power,0.00592
NO,60,Power,0.00606
NO,61,Power,0.00583
NO,62,Power,0.00594
NO,63,Power,0.00583
NO,64,Power,0.00561
NO,65,Power,0.00533
NO,66,Power,0.00508
NO,67,Power,0.00499
NO,68,Power,0.0049
NO,69,Power,0.00488
NO,70,Power,0.00498
NO,71,Power,0.00531
NO,72,Power,0.00587
NO,73,Power,0.00591
NO,74,Power,0.0062
NO,75,Power,0.00599
NO,76,Power,0.00645
NO,77,Power,0.0064
NO,78,Power,0.00672
NO,79,Power,0.0068
NO,80,Power,0.00661
NO,81,Power,0.00653
NO,82,Power,0.00628
NO,83,Power,0.00657
NO,84,Power,0.00663
NO,85,Power,0.00699
NO,86,Power,0.007
NO,87,Power,0.00677
NO,88,Power,0.0066
NO,89,Power,0.0064
NO,90,Power,0.00651
NO,91,Power,0.0063
NO,92,Power,0.00614
NO,93,Power,0.00631
NO,94,Power,0.00676
NO,95,Power,0.00782
NO,96,Power,0.00815
NO,97,Power,0.00848
NO,98,Power,0.00821
NO,99,Power,0.00834
NO,100,Power,0.00856
NO,101,Power,0.00895
NO,102,Power,0.00954
NO,103,Power,0.00946
NO,104,Power,0.00969
NO,105,Power,0.00924
NO,106,Power,0.00994
NO,107,Power,0.01049
NO,108,Power,0.01146
NO,109,Power,0.01125
NO,110,Power,0.01061
NO,111,Power,0.01002
NO,112,Power,0.01007
NO,113,Power,0.00969
NO,114,Power,0.00936
NO,115,Power,0.00849
NO,116,Power,0.00834
NO,117,Power,0.00797
NO,118,Power,0.00782
NO,119,Power,0.00761
NO,120,Power,0.00751
NO,1,Mobility,0.01015
NO,2,Mobility,0.00934
NO,3,Mobility,0.00894
NO,4,Mobility,0.00855
NO,5,Mobility,0.00974
NO,6,Mobility,0.01096
NO,7,Mobility,0.0143
NO,8,Mobility,0.01819
NO,9,Mobility,0.02041
NO,10,Mobility,0.01907
NO,11,Mobility,0.01387
NO,12,Mobility,0.00934
NO,13,Mobility,0.00586
NO,14,Mobility,0.00371
NO,15,Mobility,0.00239
NO,16,Mobility,0.00123
NO,17,Mobility,0.00102
NO,18,Mobility,0.00102
NO,19,Mobility,0.00123
NO,20,Mobility,0.00178
NO,21,Mobility,0.00239
NO,22,Mobility,0.00441
NO,23,Mobility,0.00894
NO,24,Mobility,0.01137
NO,25,Mobility,0.0122
NO,26,Mobility,0.00934
NO,27,Mobility,0.00894
NO,28,Mobility,0.00855
NO,29,Mobility,0.00974
NO,30,Mobility,0.01096
NO,31,Mobility,0.0143
NO,32,Mobility,0.01819
NO,33,Mobility,0.02041
NO,34,Mobility,0.01907
NO,35,Mobility,0.01387
NO,36,Mobility,0.00934
NO,37,Mobility,0.00586
NO,38,Mobility,0.00371
NO,39,Mobility,0.00239
NO,40,Mobility,0.00123
NO,41,Mobility,0.00102
NO,42,Mobility,0.00102
NO,43,Mobility,0.00123
NO,44,Mobility,0.00178
NO,45,Mobility,0.00239
NO,46,Mobility,0.00441
NO,47,Mobility,0.00894
NO,48,Mobility,0.01137
NO,49,Mobility,0.0122
NO,50,Mobility,0.00934
NO,51,Mobility,0.00894
NO,52,Mobility,0.00855
NO,53,Mobility,0.00974
NO,54,Mobility,0.01096
NO,55,Mobility,0.0143
NO,56,Mobility,0.01819
NO,57,Mobility,0.02041
NO,58,Mobility,0.01907
NO,59,Mobility,0.01387
NO,60,Mobility,0.00934
NO,61,Mobility,0.00586
NO,62,Mobility,0.00371
NO,63,Mobility,0.00239
NO,64,Mobility,0.00123
NO,65,Mobility,0.00102
NO,66,Mobility,0.00102
NO,67,Mobility,0.00123
NO,68,Mobility,0.00178
NO,69,Mobility,0.00239
NO,70,Mobility,0.00441
NO,71,Mobility,0.00894
NO,72,Mobility,0.01137
NO,73,Mobility,0.0122
NO,74,Mobility,0.00934
NO,75,Mobility,0.00894
NO,76,Mobility,0.00855
NO,77,Mobility,0.00974
NO,78,Mobility,0.01096
NO,79,Mobility,0.0143
NO,80,Mobility,0.01819
NO,81,Mobility,0.02041
NO,82,Mobility,0.01907
NO,83,Mobility,0.01387
NO,84,Mobility,0.00934
NO,85,Mobility,0.00586
NO,86,Mobility,0.00371
NO,87,Mobility,0.00239
NO,88,Mobility,0.00123
NO,89,Mobility,0.00102
NO,90,Mobility,0.00102
NO,91,Mobility,0.00123
NO,92,Mobility,0.00178
NO,93,Mobility,0.00239
NO,94,Mobility,0.00441
NO,95,Mobility,0.00894
NO,96,Mobility,0.01137
NO,97,Mobility,0.0122
NO,98,Mobility,0.00934
NO,99,Mobility,0.00894
NO,100,Mobility,0.00855
NO,101,Mobility,0.00974
NO,102,Mobility,0.01096
NO,103,Mobility,0.0143
NO,104,Mobility,0.01819
NO,105,Mobility,0.02041
NO,106,Mobility,0.01907
NO,107,Mobility,0.01387
NO,108,Mobility,0.00934
NO,109,Mobility,0.00586
NO,110,Mobility,0.00371
NO,111,Mobility,0.00239
NO,112,Mobility,0.00123
NO,113,Mobility,0.00102
NO,114,Mobility,0.00102
NO,115,Mobility,0.00123
NO,116,Mobility,0.00178
NO,117,Mobility,0.00239
NO,118,Mobility,0.00441
NO,119,Mobility,0.00894
NO,120,Mobility,0.01199
NO,1,Heat,0.01571
NO,2,Heat,0.0158
NO,3,Heat,0.01586
NO,4,Heat,0.01503
NO,5,Heat,0.01417
NO,6,Heat,0.01354
NO,7,Heat,0.01328
NO,8,Heat,0.01328
NO,9,Heat,0.01357
NO,10,Heat,0.01332
NO,11,Heat,0.01319
NO,12,Heat,0.01301
NO,13,Heat,0.01342
NO,14,Heat,0.01376
NO,15,Heat,0.01403
NO,16,Heat,0.01425
NO,17,Heat,0.014
NO,18,Heat,0.01409
NO,19,Heat,0.0142
NO,20,Heat,0.01465
NO,21,Heat,0.01472
NO,22,Heat,0.01474
NO,23,Heat,0.01478
NO,24,Heat,0.01481
NO,25,Heat,0.01541
NO,26,Heat,0.0158
NO,27,Heat,0.01586
NO,28,Heat,0.01503
NO,29,Heat,0.01417
NO,30,Heat,0.01052
NO,31,Heat,0.00719
NO,32,Heat,0.00416
NO,33,Heat,0.00408
NO,34,Heat,0.00416
NO,35,Heat,0.0044
NO,36,Heat,0.00473
NO,37,Heat,0.00518
NO,38,Heat,0.00522
NO,39,Heat,0.0053
NO,40,Heat,0.00544
NO,41,Heat,0.00598
NO,42,Heat,0.0064
NO,43,Heat,0.00666
NO,44,Heat,0.0069
NO,45,Heat,0.00714
NO,46,Heat,0.008
NO,47,Heat,0.00862
NO,48,Heat,0.00888
NO,49,Heat,0.00812
NO,50,Heat,0.00722
NO,51,Heat,0.00632
NO,52,Heat,0.00559
NO,53,Heat,0.00505
NO,54,Heat,0.00468
NO,55,Heat,0.0044
NO,56,Heat,0.00416
NO,57,Heat,0.00408
NO,58,Heat,0.00416
NO,59,Heat,0.0044
NO,60,Heat,0.00369
NO,61,Heat,0.00303
NO,62,Heat,0.0022
NO,63,Heat,0.0023
NO,64,Heat,0.00245
NO,65,Heat,0.0028
NO,66,Heat,0.00311
NO,67,Heat,0.00329
NO,68,Heat,0.00344
NO,69,Heat,0.00356
NO,70,Heat,0.00363
NO,71,Heat,0.0041
NO,72,Heat,0.00433
NO,73,Heat,0.00427
NO,74,Heat,0.00353
NO,75,Heat,0.00284
NO,76,Heat,0.00239
NO,77,Heat,0.00214
NO,78,Heat,0.002
NO,79,Heat,0.00192
NO,80,Heat,0.00186
NO,81,Heat,0.00185
NO,82,Heat,0.00186
NO,83,Heat,0.00192
NO,84,Heat,0.002
NO,85,Heat,0.00218
NO,86,Heat,0.0022
NO,87,Heat,0.0023
NO,88,Heat,0.00245
NO,89,Heat,0.0028
NO,90,Heat,0.00546
NO,91,Heat,0.00812
NO,92,Heat,0.0108
NO,93,Heat,0.01086
NO,94,Heat,0.01096
NO,95,Heat,0.01108
NO,96,Heat,0.0111
NO,97,Heat,0.01165
NO,98,Heat,0.01197
NO,99,Heat,0.01198
NO,100,Heat,0.01147
NO,101,Heat,0.01099
NO,102,Heat,0.01075
NO,103,Heat,0.01045
NO,104,Heat,0.01041
NO,105,Heat,0.0099
NO,106,Heat,0.00947
NO,107,Heat,0.00907
NO,108,Heat,0.0094
NO,109,Heat,0.00968
NO,110,Heat,0.00996
NO,111,Heat,0.01018
NO,112,Heat,0.01041
NO,113,Heat,0.01057
NO,114,Heat,0.01067
NO,115,Heat,0.01075
NO,116,Heat,0.0108
NO,117,Heat,0.01086
NO,118,Heat,0.01096
NO,119,Heat,0.01108
NO,120,Heat,0.01116
UK,1,Power,0.00696
UK,2,Power,0.00825
UK,3,Power,0.01058
UK,4,Power,0.01096
UK,5,Power,0.01184
UK,6,Power,0.01176
UK,7,Power,0.01287
UK,8,Power,0.01266
UK,9,Power,0.01284
UK,10,Power,0.01235
UK,11,Power,0.012
UK,12,Power,0.01238
UK,13,Power,0.01218
UK,14,Power,0.01248
UK,15,Power,0.01132
UK,16,Power,0.0107
UK,17,Power,0.0093
UK,18,Power,0.00849
UK,19,Power,0.00806
UK,20,Power,0.00763
UK,21,Power,0.00733
UK,22,Power,0.00668
UK,23,Power,0.00696
UK,24,Power,0.00757
UK,25,Power,0.00903
UK,26,Power,0.01016
UK,27,Power,0.01039
UK,28,Power,0.01103
UK,29,Power,0.0104
UK,30,Power,0.01094
UK,31,Power,0.01039
UK,32,Power,0.01074
UK,33,Power,0.01085
UK,34,Power,0.01001
UK,35,Power,0.00975
UK,36,Power,0.00861
UK,37,Power,0.00904
UK,38,Power,0.00871
UK,39,Power,0.00877
UK,40,Power,0.00774
UK,41,Power,0.00645
UK,42,Power,0.00546
UK,43,Power,0.00485
UK,44,Power,0.00495
UK,45,Power,0.00488
UK,46,Power,0.00499
UK,47,Power,0.00535
UK,48,Power,0.00544
UK,49,Power,0.00673
UK,50,Power,0.00671
UK,51,Power,0.00806
UK,52,Power,0.00756
UK,53,Power,0.00861
UK,54,Power,0.00848
UK,55,Power,0.00903
UK,56,Power,0.00905
UK,57,Power,0.00849
UK,58,Power,0.00857
UK,59,Power,0.00778
UK,60,Power,0.00833
UK,61,Power,0.00777
UK,62,Power,0.00804
UK,63,Power,0.00767
UK,64,Power,0.0071
UK,65,Power,0.00637
UK,66,Power,0.00534
UK,67,Power,0.00503
UK,68,Power,0.00459
UK,69,Power,0.00454
UK,70,Power,0.00444
UK,71,Power,0.00476
UK,72,Power,0.00567
UK,73,Power,0.00586
UK,74,Power,0.00704
UK,75,Power,0.00707
UK,76,Power,0.00839
UK,77,Power,0.00849
UK,78,Power,0.00845
UK,79,Power,0.0084
UK,80,Power,0.00745
UK,81,Power,0.00825
UK,82,Power,0.00774
UK,83,Power,0.00881
UK,84,Power,0.0089
UK,85,Power,0.00966
UK,86,Power,0.00944
UK,87,Power,0.00848
UK,88,Power,0.0073
UK,89,Power,0.0059
UK,90,Power,0.00524
UK,91,Power,0.00476
UK,92,Power,0.00468
UK,93,Power,0.00464
UK,94,Power,0.00477
UK,95,Power,0.00568
UK,96,Power,0.00585
UK,97,Power,0.00729
UK,98,Power,0.00757
UK,99,Power,0.00908
UK,100,Power,0.0093
UK,101,Power,0.01003
UK,102,Power,0.01018
UK,103,Power,0.00979
UK,104,Power,0.00988
UK,105,Power,0.00959
UK,106,Power,0.01088
UK,107,Power,0.0118
UK,108,Power,0.01321
UK,109,Power,0.01305
UK,110,Power,0.01203
UK,111,Power,0.011
UK,112,Power,0.00953
UK,113,Power,0.00864
UK,114,Power,0.00751
UK,115,Power,0.00718
UK,116,Power,0.00686
UK,117,Power,0.0064
UK,118,Power,0.00574
UK,119,Power,0.00527
UK,120,Power,0.00511
UK,1,Mobility,0.01015
UK,2,Mobility,0.00934
UK,3,Mobility,0.00894
UK,4,Mobility,0.00855
UK,5,Mobility,0.00974
UK,6,Mobility,0.01096
UK,7,Mobility,0.0143
UK,8,Mobility,0.01819
UK,9,Mobility,0.02041
UK,10,Mobility,0.01907
UK,11,Mobility,0.01387
UK,12,Mobility,0.00934
UK,13,Mobility,0.00586
UK,14,Mobility,0.00371
UK,15,Mobility,0.00239
UK,16,Mobility,0.00123
UK,17,Mobility,0.00102
UK,18,Mobility,0.00102
UK,19,Mobility,0.00123
UK,20,Mobility,0.00178
UK,21,Mobility,0.00239
UK,22,Mobility,0.00441
UK,23,Mobility,0.00894
UK,24,Mobility,0.01137
UK,25,Mobility,0.0122
UK,26,Mobility,0.00934
UK,27,Mobility,0.00894
UK,28,Mobility,0.00855
UK,29,Mobility,0.00974
UK,30,Mobility,0.01096
UK,31,Mobility,0.0143
UK,32,Mobility,0.01819
UK,33,Mobility,0.02041
UK,34,Mobility,0.01907
UK,35,Mobility,0.01387
UK,36,Mobility,0.00934
UK,37,Mobility,0.00586
UK,38,Mobility,0.00371
UK,39,Mobility,0.00239
UK,40,Mobility,0.00123
UK,41,Mobility,0.00102
UK,42,Mobility,0.00102
UK,43,Mobility,0.00123
UK,44,Mobility,0.00178
UK,45,Mobility,0.00239
UK,46,Mobility,0.00441
UK,47,Mobility,0.00894
UK,48,Mobility,0.01137
UK,49,Mobility,0.0122
UK,50,Mobility,0.00934
UK,51,Mobility,0.00894
UK,52,Mobility,0.00855
UK,53,Mobility,0.00974
UK,54,Mobility,0.01096
UK,55,Mobility,0.0143
UK,56,Mobility,0.01819
UK,57,Mobility,0.02041
UK,58,Mobility,0.01907
UK,59,Mobility,0.01387
UK,60,Mobility,0.00934
UK,61,Mobility,0.00586
UK,62,Mobility,0.00371
UK,63,Mobility,0.00239
UK,64,Mobility,0.00123
UK,65,Mobility,0.00102
UK,66,Mobility,0.00102
UK,67,Mobility,0.00123
UK,68,Mobility,0.00178
UK,69,Mobility,0.00239
UK,70,Mobility,0.00441
UK,71,Mobility,0.00894
UK,72,Mobility,0.01137
UK,73,Mobility,0.0122
UK,74,Mobility,0.00934
UK,75,Mobility,0.00894
UK,76,Mobility,0.00855
UK,77,Mobility,0.00974
UK,78,Mobility,0.01096
UK,79,Mobility,0.0143
UK,80,Mobility,0.01819
UK,81,Mobility,0.02041
UK,82,Mobility,0.01907
UK,83,Mobility,0.01387
UK,84,Mobility,0.00934
UK,85,Mobility,0.00586
UK,86,Mobility,0.00371
UK,87,Mobility,0.00239
UK,88,Mobility,0.00123
UK,89,Mobility,0.00102
UK,90,Mobility,0.00102
UK,91,Mobility,0.00123
UK,92,Mobility,0.00178
UK,93,Mobility,0.00239
UK,94,Mobility,0.00441
UK,95,Mobility,0.00894
UK,96,Mobility,0.01137
UK,97,Mobility,0.0122
UK,98,Mobility,0.00934
UK,99,Mobility,0.00894
UK,100,Mobility,0.00855
UK,101,Mobility,0.00974
UK,102,Mobility,0.01096
UK,103,Mobility,0.0143
UK,104,Mobility,0.01819
UK,105,Mobility,0.02041
UK,106,Mobility,0.01907
UK,107,Mobility,0.01387
UK,108,Mobility,0.00934
UK,109,Mobility,0.00586
UK,110,Mobility,0.00371
UK,111,Mobility,0.00239
UK,112,Mobility,0.00123
UK,113,Mobility,0.00102
UK,114,Mobility,0.00102
UK,115,Mobility,0.00123
UK,116,Mobility,0.00178
UK,117,Mobility,0.00239
UK,118,Mobility,0.00441
UK,119,Mobility,0.00894
UK,120,Mobility,0.01199
UK,1,Heat,0.01707
UK,2,Heat,0.01735
UK,3,Heat,0.01773
UK,4,Heat,0.01646
UK,5,Heat,0.01487
UK,6,Heat,0.01342
UK,7,Heat,0.0123
UK,8,Heat,0.01172
UK,9,Heat,0.0118
UK,10,Heat,0.01122
UK,11,Heat,0.01094
UK,12,Heat,0.0106
UK,13,Heat,0.01137
UK,14,Heat,0.01199
UK,15,Heat,0.01263
UK,16,Heat,0.01317
UK,17,Heat,0.01372
UK,18,Heat,0.01402
UK,19,Heat,0.01428
UK,20,Heat,0.0145
UK,21,Heat,0.01472
UK,22,Heat,0.01491
UK,23,Heat,0.01507
UK,24,Heat,0.01527
UK,25,Heat,0.01645
UK,26,Heat,0.01735
UK,27,Heat,0.01773
UK,28,Heat,0.01646
UK,29,Heat,0.01487
UK,30,Heat,0.01082
UK,31,Heat,0.00731
UK,32,Heat,0.00446
UK,33,Heat,0.00421
UK,34,Heat,0.00417
UK,35,Heat,0.00429
UK,36,Heat,0.00463
UK,37,Heat,0.00527
UK,38,Heat,0.00532
UK,39,Heat,0.0054
UK,40,Heat,0.00526
UK,41,Heat,0.00579
UK,42,Heat,0.00637
UK,43,Heat,0.00708
UK,44,Heat,0.00773
UK,45,Heat,0.00829
UK,46,Heat,0.00979
UK,47,Heat,0.01119
UK,48,Heat,0.01217
UK,49,Heat,0.01152
UK,50,Heat,0.0105
UK,51,Heat,0.00925
UK,52,Heat,0.00783
UK,53,Heat,0.00639
UK,54,Heat,0.00537
UK,55,Heat,0.00475
UK,56,Heat,0.00446
UK,57,Heat,0.00421
UK,58,Heat,0.00417
UK,59,Heat,0.00429
UK,60,Heat,0.00344
UK,61,Heat,0.00259
UK,62,Heat,0.00171
UK,63,Heat,0.00171
UK,64,Heat,0.00171
UK,65,Heat,0.00178
UK,66,Heat,0.00189
UK,67,Heat,0.00206
UK,68,Heat,0.00227
UK,69,Heat,0.00255
UK,70,Heat,0.00285
UK,71,Heat,0.00391
UK,72,Heat,0.00469
UK,73,Heat,0.00505
UK,74,Heat,0.00412
UK,75,Heat,0.00311
UK,76,Heat,0.00233
UK,77,Heat,0.00189
UK,78,Heat,0.00174
UK,79,Heat,0.00168
UK,80,Heat,0.00167
UK,81,Heat,0.00167
UK,82,Heat,0.00167
UK,83,Heat,0.00167
UK,84,Heat,0.00168
UK,85,Heat,0.00171
UK,86,Heat,0.00171
UK,87,Heat,0.00171
UK,88,Heat,0.00171
UK,89,Heat,0.00178
UK,90,Heat,0.00453
UK,91,Heat,0.00778
UK,92,Heat,0.01122
UK,93,Heat,0.01155
UK,94,Heat,0.0118
UK,95,Heat,0.01206
UK,96,Heat,0.01219
UK,97,Heat,0.0131
UK,98,Heat,0.01357
UK,99,Heat,0.01348
UK,100,Heat,0.01203
UK,101,Heat,0.01061
UK,102,Heat,0.00949
UK,103,Heat,0.00869
UK,104,Heat,0.0082
UK,105,Heat,0.00717
UK,106,Heat,0.00664
UK,107,Heat,0.00637
UK,108,Heat,0.00717
UK,109,Heat,0.0079
UK,110,Heat,0.00864
UK,111,Heat,0.00923
UK,112,Heat,0.00979
UK,113,Heat,0.0102
UK,114,Heat,0.01056
UK,115,Heat,0.01089
UK,116,Heat,0.01122
UK,117,Heat,0.01155
UK,118,Heat,0.0118
UK,119,Heat,0.01206
UK,120,Heat,0.01216
